0	n.	5
1	bunch	8
2	opening	5
3	comed	6
4	cabinet	17
5	envelope	8
6	heat	11
7	reality	6
8	15th	5
9	advice	32
10	executive	25
11	ua4	6
12	prefer	29
13	amount	84
14	month	129
15	pilot	6
16	tune	8
17	handle	18
18	whitt	8
19	hp	5
20	mess	5
21	anna	5
22	iron	6
23	allocation	18
24	recently	13
25	download	46
26	commonwealth	7
27	msn	10
28	stall	7
29	builders	7
30	contact	150
31	tycholiz@enron	6
32	corporation	21
33	vendor	12
34	luchas	5
35	class	20
36	slip	7
37	treatment	5
38	l.p.	5
39	26th	7
40	tim	28
41	gulf	7
42	math	9
43	telephony	7
44	filter	8
45	point	103
46	jean	8
47	vols	13
48	eva	5
49	braunfels	11
50	ferc	22
51	grace	11
52	unterberg	9
53	carrier	12
54	td	11
55	deadline	7
56	mm	13
57	click	268
58	ipo	6
59	symbol	6
60	here	420
61	big	29
62	washington	17
63	represent	28
64	millennium	5
65	dozen	6
66	privacy	50
67	exercise	22
68	go	358
69	henry	14
70	performance	37
71	lenhart	31
72	american	40
73	refund	9
74	x	28
75	relationship	15
76	advise	13
77	language	21
78	into	6
79	enter	48
80	misplace	7
81	fiberglass	8
82	focus	31
83	confidential	11
84	accept	17
85	entertainment	6
86	senior	15
87	detailed	32
88	hunter	27
89	twice	7
90	eb3210c	8
91	post	52
92	tie	13
93	congress	8
94	contribution	8
95	weight	7
96	maximum	11
97	discuss	97
98	business	92
99	title	36
100	flash	6
101	night	26
102	sachs	12
103	robertson	18
104	maybe	22
105	coordinate	15
106	hyatt	5
107	mid	28
108	byte	13
109	justify	15
110	interpretation	7
111	mp3	5
112	harrill	5
113	president	15
114	lie	5
115	glad	17
116	fluctuation	6
117	testing	13
118	blair	8
119	mgr	5
120	eps	5
121	partly	5
122	tool	29
123	moore	9
124	ardmore	6
125	regulatory	14
126	erm	5
127	lam	5
128	ayres	5
129	lewis	5
130	solicitation	5
131	ii	7
132	decide	33
133	interim	12
134	partner	19
135	cc	37
136	fight	9
137	july	31
138	check	161
139	selling	14
140	kasper	6
141	notice	54
142	alan	7
143	rispoli	6
144	loan	70
145	slightly	9
146	hehub	6
147	deed	8
148	produce	25
149	lesson	5
150	porch	25
151	powerful	10
152	2nd	14
153	tremendous	5
154	insight	26
155	tour	7
156	energy	53
157	sub	7
158	personalized	5
159	error	24
160	coverage	40
161	general	43
162	extra	21
163	defense	5
164	wind	6
165	still	170
166	complex	17
167	xp	15
168	die	6
169	security	51
170	send	355
171	asset	30
172	imbalance	5
173	elizabeth	8
174	happy	38
175	labor	16
176	nyc	7
177	inevitablely	8
178	concern	70
179	few	59
180	gov.	6
181	subscriber	19
182	search	23
183	none	8
184	incorporate	11
185	generation	27
186	head	16
187	want	280
188	lucci	7
189	stack	7
190	stream	5
191	review	167
192	return	56
193	dd	5
194	capital	27
195	appreciate	26
196	ring	5
197	significantly	20
198	pbr	8
199	personal	60
200	expected	5
201	4th	5
202	promote	10
203	overseas	5
204	close	70
205	lkuch@mh	6
206	paul	19
207	change	188
208	estimate	105
209	san	119
210	parking	7
211	'til	5
212	electrical	7
213	variety	14
214	ancient	6
215	guarantee	34
216	sweet	5
217	improve	30
218	include	180
219	buda	7
220	resident	10
221	chad	9
222	application	85
223	prudency	5
224	version	32
225	jeanette	5
226	me	17
227	craig	11
228	host	5
229	gen	8
230	refer	10
231	phillip	1255
232	chicago-based	6
233	merchant	7
234	card	27
235	noi	14
236	f.	5
237	joe	21
238	environments	6
239	upgraded	20
240	pay	169
241	expense	53
242	dial	14
243	3pm	5
244	gift	35
245	train	11
246	evening	20
247	jeffries	6
248	confirm	40
249	albert	7
250	rather	28
251	entertaining	5
252	california	55
253	new	300
254	santucci	5
255	movie	12
256	ehrenberg	5
257	bilal	5
258	monday	76
259	resign	5
260	patti	22
261	ave	5
262	chat	14
263	october	73
264	introductory	5
265	couple	36
266	browser	20
267	day-ahead	6
268	single	21
269	sylvia	11
270	near	12
271	ena	9
272	top-notch	6
273	interior	14
274	rate	64
275	winfree	5
276	bovespa	13
277	first	142
278	already	52
279	advisor	7
280	investor	45
281	shively	5
282	fashion	5
283	lexington	6
284	circle	9
285	arizona	6
286	cincinnati	7
287	investments	6
288	how	14
289	assistance	29
290	rus	6
291	momentum	5
292	doc	17
293	proforma	29
294	discourage	5
295	usable	6
296	trust	10
297	attack	6
298	staff	23
299	interesting	6
300	suite	18
301	powermatch	6
302	receipt	34
303	reitmeyer	21
304	other	239
305	sunday	20
306	doan	5
307	earn	8
308	lavorato	12
309	enron	142
310	fear	10
311	warburg	10
312	ect@ect,	16
313	mcf	5
314	personnel	6
315	case	47
316	e-business	5
317	edison	9
318	pauline	12
319	briefing	22
320	yahoo	30
321	harry	9
322	have	903
323	mcnary	6
324	installer	7
325	express	16
326	willing	23
327	setting	18
328	constitute	5
329	bes	6
330	cent	10
331	columbus	5
332	insulation	5
333	boat	7
334	ftse	13
335	reserved	10
336	accord	34
337	p	42
338	prevent	14
339	revise	26
340	yy	5
341	multiple	6
342	window	19
343	handwritten	5
344	strategic	11
345	kulvinder	5
346	presenter	6
347	replatting	12
348	road	15
349	london	27
350	convey	13
351	los	7
352	precaution	5
353	rush	9
354	stick	11
355	guest	28
356	edwards	20
357	aspect	5
358	guggenheim	5
359	execution	6
360	again	85
361	darrell	5
362	indece	15
363	daughter	7
364	sent	7
365	discussion	38
366	therefore	12
367	biweekly	8
368	enron@enron	9
369	ride	19
370	h	20
371	house	64
372	nytime	6
373	hydro	8
374	officially	6
375	enough	33
376	typical	6
377	comprise	5
378	paycheck	5
379	ofo	5
380	digital	21
381	seek	17
382	similiar	8
383	submit	44
384	juan	29
385	inc.	111
386	money	91
387	holiday	42
388	yet	35
389	williams	9
390	diego	12
391	alot	8
392	buyout	8
393	natalie	5
394	cement	9
395	noon	20
396	portfolio	24
397	kerrville	5
398	lt	17
399	aprs	6
400	consultants	12
401	allowance	7
402	oct	5
403	chuck	5
404	shopping	16
405	hardware	5
406	maggie	5
407	ft.	9
408	australia	13
409	tycholiz	5
410	approach	11
411	folk	12
412	quarterly	13
413	accum	16
414	norman	5
415	engage	8
416	vacar	6
417	route	12
418	industrial	12
419	30th	5
420	p.c.	7
421	bike	17
422	enron@enronxgate,	5
423	book	67
424	shape	10
425	different	71
426	gas	195
427	5th	8
428	price	190
429	marcos	60
430	strength	5
431	pass	38
432	license	5
433	skill	10
434	seriously	13
435	size	25
436	com	307
437	settlement	5
438	position	68
439	e.	10
440	specialist	9
441	regulator	8
442	natural	54
443	townhome	8
444	imply	6
445	busy	20
446	electricity	19
447	give	163
448	partial	15
449	find	191
450	project	117
451	main	18
452	cd	16
453	high-level	5
454	merrill	22
455	x37041	28
456	overly	8
457	shim	8
458	invite	16
459	variance	6
460	election	9
461	appropriate	35
462	de	8
463	netscape	7
464	attract	11
465	extremely	20
466	cause	16
467	operating	30
468	metro	5
469	cool	13
470	begin	76
471	eye	18
472	community	11
473	html-based	5
474	pepl	6
475	queue	5
476	asap	15
477	01	16
478	developers	5
479	manufacturer	5
480	guru	7
481	one-stop	6
482	y	7
483	sonja	5
484	approximately	19
485	catherine	5
486	douglas	5
487	kaniss	5
488	recommendation	14
489	authorization	11
490	public	22
491	custom	8
492	amro	13
493	nw	7
494	effect	8
495	instant	8
496	27th	8
497	gordon	9
498	perceive	7
499	tu	5
500	visa	7
501	expertise	11
502	solution	20
503	forum	6
504	parcel	7
505	bc	7
506	unsubscribe	98
507	study	28
508	target	29
509	production	19
510	legislation	7
511	reaction	5
512	fit	14
513	skilling	7
514	terminate	5
515	entire	17
516	internet	95
517	all	46
518	login	22
519	store	20
520	discover	9
521	decook	5
522	clean	32
523	luck	15
524	provider	37
525	ask	93
526	cherry	8
527	stay	48
528	rent	91
529	special	69
530	efficiency	7
531	perform	53
532	productive	6
533	temporary	8
534	jon	7
535	method	14
536	premise	5
537	bend	5
538	positive	7
539	ms-word	10
540	detail	113
541	pacific	14
542	plan	200
543	association	17
544	predict	15
545	once	56
546	announce	26
547	gable	15
548	harkness	7
549	complain	8
550	surprise	31
551	base	81
552	daily	93
553	evaluate	13
554	initiate	21
555	ski	8
556	jensen	5
557	kohutek	11
558	red	15
559	negotiation	7
560	major	29
561	valuation	7
562	briefs	10
563	lan	6
564	outage	9
565	council	8
566	p.s.	8
567	ago	12
568	a	56
569	miller	21
570	slide	5
571	sp15	6
572	rc	10
573	fairly	6
574	brick	6
575	thought	23
576	construction	61
577	interview	41
578	protection	7
579	jet	8
580	content	29
581	unlimited	9
582	september	32
583	period	34
584	add	119
585	emergency	12
586	escape	5
587	rough	7
588	style	12
589	showtimes	5
590	double	30
591	muzzy	5
592	dining	5
593	incredibly	8
594	zip	13
595	england	5
596	texas	40
597	pop	5
598	murnan	8
599	screensaver	6
600	calculation	19
601	accuracy	10
602	credit	54
603	establish	20
604	weekly	43
605	relate	14
606	wave	5
607	timeline	13
608	below	33
609	usage	12
610	trademark	6
611	sometime	9
612	record	53
613	leader	8
614	transport	30
615	earnings	36
616	else	49
617	nov.	5
618	braz	13
619	assist	6
620	examine	8
621	desk	122
622	walking	5
623	recipient	16
624	original	68
625	karyn	6
626	invitation	6
627	paula	6
628	missouri	11
629	gp	9
630	following	8
631	ct	20
632	unique	12
633	overtime	12
634	sagewood	16
635	interested	35
636	mechanism	5
637	lyonnais	8
638	pjm-based	6
639	grigsby	58
640	issue	152
641	indicate	33
642	profile	22
643	inform	11
644	worry	11
645	former	8
646	envision	5
647	popular	11
648	no	39
649	notify	17
650	layer	10
651	lamar	8
652	baker	5
653	individual	25
654	yuan	5
655	value	89
656	anytime	16
657	ord	13
658	bankruptcy	8
659	model	19
660	commentary	8
661	ultimate	12
662	draft	30
663	distribute	32
664	number	203
665	help	189
666	wsj.com	13
667	ann	6
668	update	142
669	nat	17
670	dunvale	5
671	reputation	8
672	matter	21
673	isc	7
674	hi	5
675	follow	261
676	choice	47
677	soccer	5
678	stair	17
679	discount	23
680	meter	7
681	especially	14
682	binh	5
683	deck	5
684	patience	10
685	direct	44
686	income	20
687	legal	18
688	allow	49
689	trading	107
690	hourly	8
691	walk	15
692	gary	43
693	the	32
694	californium	5
695	michelle	11
696	longer	11
697	financial	85
698	mr.	13
699	purchase	72
700	q	11
701	participation	15
702	care	15
703	efficient	6
704	verify	9
705	move	90
706	complete	122
707	slow	14
708	possible	73
709	theater	6
710	newsletter	40
711	broker	23
712	earningsearning	5
713	living	13
714	government	10
715	white	14
716	m.	7
717	preferred	6
718	shortly	12
719	available	109
720	colorado	13
721	player	17
722	schroeder	6
723	scrap	5
724	tracy	11
725	opportunities	6
726	achieve	11
727	bidweek	16
728	registration	14
729	belief	14
730	savings	22
731	saturday	25
732	rise	34
733	i	16
734	marketer	12
735	dasovich	10
736	voicemail	5
737	insert	5
738	summarize	5
739	enterprise	8
740	authorize	24
741	output	8
742	dmark	13
743	kevin	17
744	expect	56
745	ahead	58
746	today	248
747	ytd	5
748	current	84
749	bancorp	5
750	keiser	5
751	thanks	204
752	pick	26
753	penalty	8
754	junior	6
755	consider	45
756	undiscounted	5
757	jaques	6
758	provide	142
759	lot	49
760	mid-america	6
761	everyday	5
762	exhibit	9
763	front	29
764	work	323
765	state	41
766	tell	56
767	jed	7
768	lower	15
769	response	56
770	scandinavia	6
771	hill	9
772	careerjournal	5
773	someone	24
774	o'neal	5
775	kuykendall	23
776	maintained	5
777	coach	9
778	tenant	49
779	national	11
780	analyst	66
781	parent	11
782	unfortunately	6
783	frus	7
784	late-breaking	20
785	entry	9
786	plus	16
787	brief	23
788	outline	14
789	golf	10
790	classic	5
791	nortel	6
792	son	7
793	andy	17
794	fx	20
795	j.p.	15
796	thus	6
797	theresa	6
798	pallen	29
799	payable	6
800	fourth	5
801	on-line	8
802	button	32
803	eliminate	7
804	dexter	17
805	corp	34
806	colleen	13
807	equivalent	7
808	reschedule	9
809	pipeline	41
810	certain	10
811	ltd.	7
812	straight	7
813	vernon	5
814	photo	16
815	d.	7
816	park	17
817	fine	61
818	bring	75
819	strike	13
820	bernstein	11
821	eol	25
822	sitara	15
823	stop	42
824	ermis	25
825	blow	6
826	quickly	17
827	ing	6
828	enlarge	8
829	cancel	10
830	field	10
831	agreement	71
832	utilities	7
833	pdf	18
834	welcome	24
835	belton	6
836	capacity	48
837	consent	8
838	02	9
839	something	42
840	robert	12
841	assemble	5
842	interconnection	7
843	r	18
844	june	30
845	registered	28
846	cut	36
847	etc.	16
848	snap	5
849	high	76
850	reluctant	5
851	installation	5
852	compensation	5
853	1st	22
854	allen@enron	10
855	berlind	5
856	laptop	9
857	philip	11
858	department	34
859	regulation	6
860	input	32
861	accumulate	17
862	open	82
863	thursday	58
864	trim	9
865	fully	16
866	replacement	11
867	note	166
868	display	17
869	q3	5
870	apple	9
871	expert	58
872	pleased	8
873	farmhouse	8
874	successful	19
875	finance	23
876	pallen@enron	88
877	policy	69
878	dain	14
879	reliable	11
880	presentation	18
881	simple	20
882	happen	34
883	correct	25
884	reply	48
885	apron	8
886	avg	5
887	discharge	6
888	lease	35
889	techrepublic	8
890	voice	23
891	cuatro	11
892	manipulate	8
893	proposal	10
894	dec	46
895	earth	6
896	tom	19
897	exclude	23
898	link	83
899	ca-or	6
900	pegasus	10
901	sprint	7
902	j	25
903	hr	23
904	tv	19
905	producer	12
906	edi	6
907	details	20
908	oil	19
909	reimburse	11
910	world	59
911	operational	10
912	zd	20
913	cooper	11
914	locate	9
915	l.	16
916	prudential	12
917	travel	16
918	hedging	7
919	sanchez	18
920	reminder	6
921	util	13
922	experienced	5
923	plain	11
924	differ	8
925	member	59
926	faith	9
927	transwestern	20
928	game	40
929	subscribe	44
930	test	17
931	sincerely	34
932	ames	5
933	november	57
934	split	11
935	thank	229
936	commercial	27
937	austin	48
938	printer	6
939	satisfied	6
940	apartment	47
941	score	16
942	stearns	20
943	experience	49
944	southeast	6
945	training	9
946	data	6
947	specific	30
948	dear	38
949	expand	8
950	increase	71
951	ga	6
952	able	68
953	20th	9
954	survive	10
955	yesterday	32
956	doe	7
957	sell	111
958	speak	109
959	edit	6
960	lans	6
961	anything	52
962	precedence	6
963	down	86
964	vp	6
965	sanders	11
966	confidence	5
967	peg	5
968	important	41
969	mailto	7
970	clearly	16
971	event	40
972	extraordinary	5
973	type	106
974	dlj	8
975	browse	9
976	advantageous	5
977	attend	17
978	connect	18
979	instead	29
980	contract	90
981	western	19
982	neal	10
983	shipment	5
984	introduction	9
985	row	5
986	patrick	15
987	kolb	11
988	byrne	5
989	shapiro	12
990	status	35
991	christmas	12
992	billy	5
993	withdraw	5
994	checking	16
995	insure	10
996	framing	5
997	even	75
998	sometimes	8
999	outstanding	32
1000	b	31
1001	wiring	5
1002	town	19
1003	january	47
1004	ability	14
1005	gotomypc	5
1006	reliability	15
1007	primary	14
1008	bargain	8
1009	set	109
1010	billi	5
1011	body	8
1012	mention	63
1013	anyone	27
1014	honor	7
1015	bulk	7
1016	law	11
1017	treat	16
1018	accessory	5
1019	stumble	5
1020	yard	7
1021	josh	10
1022	rabon	5
1023	raymond	6
1024	wrap	5
1025	broad	5
1026	clayton	5
1027	historical	13
1028	clarify	12
1029	cell	34
1030	think	215
1031	television	6
1032	survey	27
1033	opinion	23
1034	crack	9
1035	arrangement	6
1036	poor	8
1037	showtime	6
1038	drive	51
1039	chicago	13
1040	example	31
1041	teresa	5
1042	act	52
1043	limited	34
1044	monitor	21
1045	memo	6
1046	interactive	12
1047	isssue	5
1048	star	7
1049	please	641
1050	oppose	5
1051	geotools	6
1052	tory	11
1053	vote	8
1054	collect	21
1055	rally	8
1056	states	6
1057	modify	13
1058	start	95
1059	prize	11
1060	stanley	14
1061	merger	10
1062	quattro	7
1063	word	29
1064	msimpkins@winstead	6
1065	join	29
1066	interest	52
1067	kimat	6
1068	steffes	10
1069	pj	5
1070	specifically	17
1071	next-day	6
1072	counterparty	5
1073	consistent	7
1074	will	14
1075	socal	63
1076	entergy	6
1077	advance	23
1078	co.	35
1079	weather-related	6
1080	refax	6
1081	index	64
1082	past	31
1083	acceptable	5
1084	cuilla	8
1085	factory	12
1086	located	15
1087	recoup	11
1088	mgusa@mgusa,	5
1089	techie	5
1090	love	13
1091	tori	16
1092	barry	23
1093	anticipate	18
1094	waste	10
1095	as	131
1096	allen	237
1097	guerra	5
1098	t.	7
1099	together	57
1100	ray	6
1101	goldman	12
1102	february	18
1103	attendee	5
1104	lunch	11
1105	insurance	28
1106	cellular	5
1107	helpdesk	5
1108	shift	10
1109	sponsor	12
1110	reed	10
1111	volume	18
1112	developer	28
1113	jay	27
1114	galloway	5
1115	prior	50
1116	instruct	5
1117	master	17
1118	air	16
1119	speech	5
1120	push	22
1121	desire	22
1122	spin	7
1123	mind	28
1124	documentation	7
1125	easy	24
1126	sap	6
1127	man	8
1128	chettiar	5
1129	mobile	13
1130	vary	5
1131	entertain	6
1132	klauer	5
1133	failure	9
1134	spruce	6
1135	cap	46
1136	ryder	5
1137	seem	77
1138	timely	14
1139	dvd	6
1140	pioneer	6
1141	28th	6
1142	np	17
1143	woman	7
1144	excite	7
1145	spot	14
1146	tian	5
1147	extend	5
1148	heating	27
1149	wasserstein	5
1150	investigation	5
1151	cubic	5
1152	fahnestock	6
1153	executable	5
1154	palm	7
1155	mime-compliant	10
1156	salary	19
1157	wall	35
1158	frank	56
1159	pr	7
1160	apr	5
1161	participant	43
1162	pkaufma@enron	10
1163	germany	15
1164	fred	5
1165	renee	8
1166	end	73
1167	engineering	22
1168	forecast	55
1169	notebook	16
1170	carpet	8
1171	exchange	34
1172	explore	12
1173	keith	123
1174	part	44
1175	mother	6
1176	kleinwort	7
1177	nepool	7
1178	be	1641
1179	compile	10
1180	really	38
1181	carry	13
1182	winmail	12
1183	in-depth	21
1184	van	8
1185	official	17
1186	environment	13
1187	art	6
1188	state-to-state	6
1189	incur	8
1190	visit	96
1191	box	37
1192	brainstorm	5
1193	methodology	10
1194	journalist	5
1195	development	59
1196	migrate	5
1197	ex	5
1198	maintenance	21
1199	bottom	12
1200	regency	5
1201	probably	65
1202	unable	15
1203	sink	14
1204	transfer	50
1205	green	13
1206	preference	17
1207	cora	5
1208	management	58
1209	press	26
1210	landscape	8
1211	facility	15
1212	approval	72
1213	restricted	9
1214	color	11
1215	npng	5
1216	condition	16
1217	frequently	20
1218	install	20
1219	pace	10
1220	windows	21
1221	kholst@enron	7
1222	present	33
1223	logo	24
1224	todd	11
1225	everyone	30
1226	meeting	94
1227	authority	15
1228	do	736
1229	hit	21
1230	entity	14
1231	lumber	5
1232	communicate	10
1233	structure	38
1234	offline	5
1235	presence	8
1236	early	37
1237	season	37
1238	farmer	7
1239	city	43
1240	related	15
1241	audit	17
1242	commerce	7
1243	architecture	8
1244	webber	15
1245	cash	92
1246	cedar	6
1247	ford	6
1248	com-ed	6
1249	foundation	5
1250	radio	10
1251	tax	33
1252	future	92
1253	martin	22
1254	va	6
1255	finally	29
1256	covering	5
1257	cpuc	6
1258	hk	13
1259	owner	26
1260	consultant	14
1261	feldman	5
1262	register	37
1263	delay	11
1264	salomon	27
1265	automatically	13
1266	anytimesm	6
1267	thrill	9
1268	land	62
1269	rous	5
1270	creekside	14
1271	john	89
1272	bond	29
1273	reader	16
1274	practice	14
1275	yevgeny	7
1276	baumbach	5
1277	notification	15
1278	though	5
1279	katy	6
1280	mead	6
1281	kay	7
1282	winstead	6
1283	attributable	7
1284	phase	10
1285	phyllis	5
1286	messenger	19
1287	william	17
1288	let	279
1289	unsolicited	9
1290	hoecker	6
1291	pend	35
1292	wade	52
1293	slight	11
1294	stucco	12
1295	separate	12
1296	mary	50
1297	similar	21
1298	password	94
1299	rev.	7
1300	dax	13
1301	gate	6
1302	catch	9
1303	sme	10
1304	mode	7
1305	say	79
1306	processing	5
1307	pc	23
1308	investment	46
1309	bidding	5
1310	maintain	28
1311	commission	27
1312	customize	7
1313	jersey-maryland	6
1314	homebuilding	6
1315	potentially	14
1316	re	12
1317	drill	6
1318	shortage	5
1319	goal	22
1320	dominate	6
1321	forgot	10
1322	difficulty	7
1323	conversation	9
1324	repayment	5
1325	track	60
1326	somewhere	6
1327	significant	22
1328	promotion	24
1329	fill	66
1330	advantage	17
1331	snow	6
1332	html	7
1333	smoothly	6
1334	smith	64
1335	urge	6
1336	author	5
1337	deduct	8
1338	source	27
1339	howard	6
1340	shaped	8
1341	cycling	5
1342	al	15
1343	pallen70	7
1344	c.	5
1345	strategy	26
1346	attachment	38
1347	document	85
1348	year-end	6
1349	animated	5
1350	fy	5
1351	jason	14
1352	rebound	5
1353	spec	19
1354	jackie	5
1355	website	47
1356	gather	21
1357	global	17
1358	huge	14
1359	waha	8
1360	external	9
1361	wages	6
1362	dry	5
1363	try	179
1364	item	61
1365	course	25
1366	receive	287
1367	plant	25
1368	ready	61
1369	various	16
1370	everything	36
1371	know	293
1372	debt	12
1373	ice	8
1374	holtz	6
1375	partners	8
1376	mccarty	5
1377	pjm	19
1378	infrastructure	15
1379	vishal	7
1380	wonder	8
1381	buyer	54
1382	it	15
1383	boost	16
1384	definition	7
1385	auction	10
1386	advertiser	7
1387	sportsline	7
1388	offset	7
1389	settle	11
1390	requirement	14
1391	procedure	13
1392	govern	7
1393	muni	5
1394	ridge	8
1395	research	53
1396	involvement	6
1397	hard	28
1398	tradingday	10
1399	determine	29
1400	steven	14
1401	castagnola	5
1402	janie	21
1403	zdnet	23
1404	super	10
1405	sustain	13
1406	fgt	5
1407	ratio	8
1408	run	59
1409	recession	7
1410	fall	40
1411	incentive	10
1412	kaufman	5
1413	demand	57
1414	rsvp	7
1415	hernandez	5
1416	image	122
1417	reduction	7
1418	or	20
1419	street	38
1420	properties	5
1421	implement	11
1422	see	244
1423	bullish	5
1424	ep	9
1425	warner	6
1426	reach	58
1427	sechrest	6
1428	reference	30
1429	ercot	12
1430	lock	8
1431	richardson	7
1432	mcomber	5
1433	ongoing	5
1434	describe	25
1435	march	23
1436	mmbtu	10
1437	opportunity	52
1438	ps	5
1439	mara	10
1440	preston	20
1441	c	51
1442	gco	5
1443	20a	8
1444	privileged	12
1445	half	19
1446	anyway	7
1447	generator	7
1448	demo	5
1449	feasible	7
1450	delete	21
1451	user	52
1452	computer	49
1453	awesome	5
1454	usa	7
1455	finish	28
1456	leak	11
1457	development@enron	5
1458	dresdner	7
1459	recent	37
1460	overage	16
1461	serc	6
1462	slope	6
1463	dw	8
1464	organization	10
1465	grow	23
1466	success	14
1467	bloomberg	11
1468	define	8
1469	solid	11
1470	k.	8
1471	news	106
1472	convert	14
1473	dip	11
1474	name	153
1475	don	8
1476	spp	6
1477	atlanta	6
1478	unify	10
1479	horn	5
1480	tip	22
1481	taylor	9
1482	rebecca	10
1483	availability	14
1484	vacancy	13
1485	formulum	5
1486	steve	50
1487	next	104
1488	jun	8
1489	billing	11
1490	initiated	20
1491	leander	17
1492	common	24
1493	retail	14
1494	29th	6
1495	loss	18
1496	paste	7
1497	storage	32
1498	force	6
1499	spread	34
1500	lisa	10
1501	thoroughly	8
1502	not	704
1503	enable	11
1504	camille	5
1505	fowler	5
1506	duke	6
1507	permit	7
1508	guy	13
1509	precipitation	7
1510	dormer	13
1511	brothers	18
1512	sumner-kenney	5
1513	anywhere	16
1514	outperform	20
1515	deferral	11
1516	dempsey	5
1517	cumulative	6
1518	tarp	6
1519	challenge	7
1520	database	17
1521	ted	15
1522	liane	10
1523	united	5
1524	launch	12
1525	enrononline	9
1526	s	96
1527	soon	66
1528	private	18
1529	enjoy	30
1530	candidate	10
1531	alaska	5
1532	pre-scheduled	6
1533	possibility	12
1534	making	5
1535	lehman	17
1536	bath	16
1537	channel	13
1538	pager	10
1539	activate	5
1540	video	20
1541	revision	6
1542	armstrong	5
1543	brad	17
1544	updated	14
1545	gralla	20
1546	builder	69
1547	student	13
1548	assumption	8
1549	royed	6
1550	na	19
1551	your	31
1552	napster	5
1553	organize	19
1554	court	5
1555	up	331
1556	davis	11
1557	sum	6
1558	jeff	153
1559	limit	13
1560	ees	12
1561	nick	7
1562	expensive	14
1563	towbin	9
1564	room	45
1565	client	18
1566	schrab	5
1567	bar	8
1568	diary	6
1569	hunt	5
1570	sf	20
1571	fla	6
1572	promise	9
1573	mailing	49
1574	tholt	27
1575	k	23
1576	online	97
1577	smith@enron	28
1578	pep	5
1579	wide	16
1580	gops	6
1581	sarah	8
1582	buzz	7
1583	radiant	5
1584	complicate	5
1585	crisis	6
1586	august	23
1587	server	14
1588	opt	10
1589	actually	25
1590	deregulation	6
1591	jackson	5
1592	resend	16
1593	swap	20
1594	local	57
1595	ad	11
1596	marketplace	5
1597	large	32
1598	id	104
1599	employer	6
1600	redemption	6
1601	specification	8
1602	float	8
1603	banner	6
1604	eastern	27
1605	paper	11
1606	agree	48
1607	guide	32
1608	csfb	15
1609	afternoon	45
1610	mortgage	10
1611	reserve	72
1612	file	181
1613	rapid	5
1614	headline	21
1615	technology	52
1616	partnership	46
1617	shut	11
1618	nasdaq	19
1619	grant	26
1620	alert	46
1621	tweak	5
1622	raise	11
1623	minute	43
1624	car	22
1625	prospective	9
1626	randall	5
1627	gross	6
1628	reg	6
1629	addition	42
1630	profit	61
1631	gasper	5
1632	long	79
1633	mahmassani	5
1634	simpkins	6
1635	hurry	5
1636	my	10
1637	log	15
1638	rest	33
1639	module	5
1640	suggest	36
1641	palo	19
1642	monique	20
1643	gif	13
1644	degree	11
1645	publication	23
1646	win	30
1647	completion	19
1648	low	47
1649	claim	13
1650	sun	14
1651	publisher	5
1652	foreign	18
1653	handheld	7
1654	right	92
1655	painfully	5
1656	darron	8
1657	owner-strawbale@crest	6
1658	morgan	25
1659	randy	37
1660	anne	7
1661	04	10
1662	otherwise	28
1663	soundview	9
1664	holder	15
1665	cpa	5
1666	org	10
1667	photograph	10
1668	email	383
1669	jessica	5
1670	intent	6
1671	dillon	11
1672	too	73
1673	scalabrino	6
1674	blank	11
1675	loop	7
1676	second	55
1677	on-call	6
1678	u.s.	53
1679	cowen	15
1680	vehicle	16
1681	cardholder	8
1682	unit	93
1683	shiring	8
1684	intend	18
1685	lay	7
1686	create	107
1687	ok	25
1688	screen	20
1689	hire	6
1690	hour	80
1691	serious	6
1692	never	25
1693	obviously	6
1694	observation	9
1695	portland	21
1696	chip	5
1697	northwest	13
1698	quiet	9
1699	maine	6
1700	tx	43
1701	building	47
1702	audience	5
1703	further	67
1704	verde	19
1705	remain	27
1706	dawn	6
1707	t	22
1708	morris	9
1709	report	163
1710	corp.	23
1711	access	129
1712	lead	63
1713	cold	13
1714	office	144
1715	david	51
1716	aep	7
1717	premier	9
1718	priority	16
1719	line	91
1720	networking	5
1721	highlight	14
1722	equal	12
1723	several	50
1724	river	5
1725	transportation	6
1726	dow	15
1727	magazine	20
1728	inside	11
1729	d	40
1730	free	106
1731	potter	9
1732	banc	18
1733	draw	27
1734	products	11
1735	floor	58
1736	singla	6
1737	somehow	5
1738	gadget	6
1739	utility	74
1740	easement	6
1741	clarification	11
1742	film	12
1743	program	77
1744	pam	5
1745	jdsu	7
1746	penny	8
1747	frost	5
1748	overnight	21
1749	am	86
1750	kristen	5
1751	level	56
1752	live	59
1753	fair	22
1754	map	39
1755	larry	83
1756	dollar	34
1757	likely	13
1758	rental	9
1759	sport	9
1760	subject	104
1761	quote	32
1762	midmarket	5
1763	due	83
1764	charles	8
1765	calcagno	5
1766	wk	5
1767	closed	5
1768	amazon	14
1769	conduct	9
1770	southern	16
1771	occur	10
1772	contest	5
1773	automate	13
1774	term	80
1775	megawatt	8
1776	region	21
1777	chance	53
1778	inspection	7
1779	desktop	14
1780	terminal	6
1781	scheduling	24
1782	mime	10
1783	hearing	6
1784	montana	6
1785	got	8
1786	transmission	21
1787	deal	138
1788	dec.	19
1789	calling	5
1790	believe	75
1791	wukasch	5
1792	bear	25
1793	needles	6
1794	recover	15
1795	vpn	11
1796	figure	15
1797	intro	7
1798	delivery	28
1799	variable	6
1800	reason	49
1801	dave	10
1802	replace	20
1803	decision	47
1804	additionally	13
1805	surfing	7
1806	later	53
1807	life	24
1808	importance	6
1809	tammy	6
1810	imai	5
1811	maximize	6
1812	identify	11
1813	l	39
1814	understanding	24
1815	francis	5
1816	deep	7
1817	fast	20
1818	christi	15
1819	sketch	9
1820	creek	6
1821	tennessee	10
1822	monday-friday	13
1823	school	12
1824	r.	5
1825	accurate	21
1826	acknowledge	5
1827	critic	8
1828	disagreement	5
1829	offer	127
1830	antonio	18
1831	arrange	6
1832	remove@commissioner	5
1833	agenda	9
1834	modification	10
1835	roof	25
1836	over	16
1837	flush	6
1838	select	51
1839	consideration	25
1840	zacks	5
1841	hover	7
1842	lilly	5
1843	million	25
1844	rocky	13
1845	recommend	22
1846	kitchen	26
1847	thomas	14
1848	buying	17
1849	o'rourke	6
1850	our	6
1851	aid	6
1852	ene	6
1853	form	50
1854	8th	5
1855	scope	6
1856	conference	60
1857	overhead	14
1858	mapp	6
1859	warranty	12
1860	comprehensive	6
1861	aggressive	8
1862	os	16
1863	fixed	5
1864	carole	6
1865	open2win	7
1866	kulic	5
1867	okay	5
1868	day	213
1869	come	137
1870	ryan	10
1871	total	93
1872	yellow	12
1873	stanfield	7
1874	temperature	12
1875	daunting	5
1876	telephone	11
1877	ault	6
1878	supplier	7
1879	border	12
1880	operate	15
1881	effort	38
1882	death	6
1883	zone	13
1884	ward	6
1885	expectation	13
1886	rank	9
1887	suzanne	8
1888	enron@enron,	16
1889	assess	13
1890	resolution	9
1891	outflow	7
1892	kucher	6
1893	stuff	26
1894	barings	6
1895	computershopper	8
1896	morning	75
1897	spreadsheet	76
1898	just	255
1899	stagecoach	15
1900	pound	22
1901	analysis	66
1902	director	18
1903	there	30
1904	media	16
1905	bedroom	17
1906	upgrade	36
1907	ken	15
1908	recordkeeping	6
1909	xl	19
1910	depend	14
1911	estate	18
1912	mailbox	6
1913	play	44
1914	a.g.	16
1915	ipc	14
1916	christy	7
1917	weather	21
1918	ship	7
1919	warning	5
1920	operator	5
1921	frcc	6
1922	messaging	11
1923	unclear	7
1924	bug	9
1925	jeanie	10
1926	upcoming	11
1927	constituent	7
1928	tow	5
1929	electronic	10
1930	lee	14
1931	information	268
1932	trade	58
1933	description	22
1934	southwest	8
1935	lira	5
1936	janice	5
1937	omaha	6
1938	child	10
1939	advertising	8
1940	northern	10
1941	helpful	25
1942	pham	5
1943	reading	9
1944	danny	5
1945	label	11
1946	previously	16
1947	tara	24
1948	pt	7
1949	linux	7
1950	kind	21
1951	intention	5
1952	step	33
1953	assume	43
1954	maker	8
1955	real-time	5
1956	address	108
1957	history	50
1958	balance	52
1959	quarter	16
1960	selection	24
1961	memorial	6
1962	rich	9
1963	siding	6
1964	reconsider	6
1965	residential	5
1966	charge	71
1967	short	56
1968	mailer	10
1969	week	257
1970	shareware	6
1971	sullivan	10
1972	massachusetts-based	6
1973	talk	84
1974	computing	5
1975	ibm	5
1976	favorite	17
1977	learn	36
1978	ect@ect	10
1979	after	5
1980	prompt	10
1981	family	26
1982	panel	20
1983	doubt	7
1984	rear	5
1985	fact	29
1986	suggestion	33
1987	confident	5
1988	designate	11
1989	truly	7
1990	valid	8
1991	beacon	5
1992	oregon	9
1993	securely	5
1994	mass	6
1995	max	13
1996	rain	9
1997	redford	5
1998	listing	20
1999	only	218
2000	station	14
2001	market	182
2002	spy	7
2003	normally	10
2004	exceed	8
2005	regards	6
2006	exactly	19
2007	century	7
2008	endless	8
2009	pool	14
2010	hotel	5
2011	contain	41
2012	rule	27
2013	revenue	6
2014	hope	49
2015	prospect	11
2016	inventory	10
2017	regular	14
2018	souad	5
2019	cbs	8
2020	u.k.	6
2021	initial	21
2022	domain	16
2023	bank	87
2024	james	29
2025	downstairs	10
2026	ipod	5
2027	counter	8
2028	distribution	49
2029	matt	73
2030	cruz	5
2031	rollback	5
2032	mix	17
2033	best	9
2034	derivatives	9
2035	subtract	7
2036	switch	17
2037	b.	9
2038	bookkeeping	12
2039	termination	7
2040	disney	7
2041	resolve	17
2042	ina	64
2043	opal	5
2044	wscc	6
2045	remove	74
2046	mcdonald	7
2047	rrobert	5
2048	adams	7
2049	attached	8
2050	concession	9
2051	web	105
2052	companion	21
2053	so	161
2054	wimberley	8
2055	miss	57
2056	absolutely	9
2057	pgt	6
2058	federal	14
2059	withhold	6
2060	mexico	22
2061	execute	37
2062	recur	6
2063	aim	8
2064	paso	16
2065	iwon	10
2066	nov	21
2067	pull	41
2068	bad	22
2069	wes	6
2070	3ac	6
2071	chairman	12
2072	outlet	5
2073	nyse	20
2074	middle	14
2075	shared	6
2076	absence	7
2077	stain	6
2078	reviewer	6
2079	copy	81
2080	concrete	10
2081	disclosure	6
2082	cindy	6
2083	edus	6
2084	team	46
2085	respond	34
2086	wells	7
2087	mattison	5
2088	medium	5
2089	continued	7
2090	impossible	7
2091	retain	5
2092	networks	8
2093	estimatem	5
2094	santa	6
2095	technical	18
2096	alternative	30
2097	jornada	6
2098	cheryl	5
2099	possibly	8
2100	manage	40
2101	p.o.	5
2102	percent	17
2103	nearly	11
2104	agent	7
2105	probability	10
2106	hub	7
2107	sumas	6
2108	accounting	8
2109	south	43
2110	transition	13
2111	gd	5
2112	constraint	18
2113	downgrade	21
2114	conservative	5
2115	lime	6
2116	casino	5
2117	property	90
2118	control	14
2119	saver	5
2120	agency	8
2121	setup	11
2122	resources	6
2123	heather	10
2124	east	11
2125	internal	13
2126	component	18
2127	discontinue	5
2128	align	6
2129	roman	6
2130	area	59
2131	hot	19
2132	vista	5
2133	camera	18
2134	integrity	7
2135	supplies	10
2136	provision	9
2137	sign	89
2138	electric	19
2139	affiliate	9
2140	leadership	6
2141	jad	5
2142	subcontractor	8
2143	quick	21
2144	abn	13
2145	wood	7
2146	resume	43
2147	in	31
2148	yield	12
2149	good	167
2150	assignment	6
2151	handling	6
2152	interpret	5
2153	keep	83
2154	football	6
2155	bajwa	5
2156	basketball	5
2157	truste	6
2158	frame	12
2159	karen	23
2160	dsl	11
2161	administrator	23
2162	optimistic	19
2163	tonight	10
2164	overall	24
2165	sustainable	8
2166	hayden	6
2167	malin	10
2168	edge	9
2169	travis	5
2170	sandy	5
2171	withdrawal	6
2172	doug	5
2173	pan	7
2174	interstate	5
2175	leverage	5
2176	economic	8
2177	austr	13
2178	framer	6
2179	subscription	64
2180	distance	7
2181	sladana-anna	5
2182	clear	39
2183	forget	39
2184	distinguish	6
2185	about	31
2186	text	7
2187	architectural	6
2188	perfect	29
2189	social	7
2190	disk	7
2191	strain	5
2192	sure	105
2193	tagg	5
2194	top	63
2195	on-peak	6
2196	illustrate	25
2197	andrew	5
2198	buckley	21
2199	la	6
2200	directory	11
2201	nordic	8
2202	code	28
2203	lifestyle	5
2204	long-term	8
2205	appraisal	32
2206	job	67
2207	feedback	46
2208	a.	6
2209	difference	20
2210	require	69
2211	liability	14
2212	spring	11
2213	much	131
2214	compare	25
2215	mouse	10
2216	counsel	5
2217	hull	6
2218	worldwide	10
2219	julie	12
2220	nice	15
2221	editor	21
2222	tab	12
2223	bcf	7
2224	greg	56
2225	invoice	9
2226	communications	8
2227	rika	5
2228	pda	16
2229	philadelphia	7
2230	sender	17
2231	central	30
2232	save	78
2233	fix	39
2234	male	6
2235	corner	23
2236	around	15
2237	propane	7
2238	confirmation	12
2239	develop	19
2240	bradley	5
2241	team@enron	5
2242	lose	30
2243	repair	13
2244	mark	79
2245	view	114
2246	trend	19
2247	benchmarking	7
2248	restructuring	5
2249	wait	62
2250	above	45
2251	sorry	20
2252	adjustment	24
2253	match	12
2254	manager	52
2255	no.	9
2256	explosion	8
2257	bbbonline	6
2258	advertisement	20
2259	laundry	5
2260	kansas	8
2261	vacation	23
2262	safe	15
2263	educate	5
2264	proceeds	5
2265	spark	10
2266	scroll	6
2267	outside	7
2268	fund	27
2269	nothing	16
2270	viewing	8
2271	through	7
2272	beginning	23
2273	result	40
2274	abandon	5
2275	ebusiness	7
2276	repay	10
2277	stone	19
2278	iteration	6
2279	task	9
2280	conserve	9
2281	excess	6
2282	soar	7
2283	gentleman	9
2284	fundamental	21
2285	hangseng	13
2286	tomorrow	95
2287	chair	6
2288	music	24
2289	population	8
2290	budget	22
2291	architect	39
2292	upstairs	13
2293	story	61
2294	fbi	5
2295	pm	110
2296	vice	14
2297	affect	14
2298	slash	5
2299	malcolm	10
2300	wrong	13
2301	volatility	16
2302	stephen	9
2303	eog	9
2304	cpr	8
2305	person	22
2306	amendment	10
2307	kuo	14
2308	offensive	5
2309	investing	5
2310	euro	13
2311	outlook	21
2312	attach	116
2313	section	35
2314	recovery	9
2315	seat	5
2316	bland	12
2317	bishop	12
2318	may	47
2319	occupancy	10
2320	basics	5
2321	commodity	21
2322	9th	5
2323	deliver	40
2324	st.	5
2325	deutsche	12
2326	autoweb	6
2327	cbi420478	5
2328	lysaker	6
2329	planning	11
2330	stephanie	20
2331	nwpl	15
2332	island	12
2333	approve	39
2334	range	26
2335	warm	8
2336	fax	136
2337	cost	152
2338	obtain	20
2339	time	313
2340	orient	5
2341	ext.	9
2342	minor	5
2343	attempt	18
2344	approver	7
2345	mean	26
2346	ned	5
2347	communications@enron	5
2348	committee	8
2349	bid	68
2350	print	24
2351	service	176
2352	equity	29
2353	encourage	5
2354	mile	14
2355	margie	5
2356	seal	6
2357	turn	39
2358	involve	27
2359	pro	33
2360	roll	36
2361	crunch	5
2362	attain	5
2363	option	52
2364	wilchynski	5
2365	unlikely	9
2366	practical	5
2367	megawatt-hour	7
2368	sweepstakes	11
2369	forma	19
2370	company	122
2371	florida	10
2372	great	73
2373	along	7
2374	azurix	6
2375	personally	7
2376	silent	5
2377	tuesday	60
2378	fs	6
2379	chief	11
2380	rating	7
2381	relevant	6
2382	average	29
2383	multifamily	9
2384	hugo	16
2385	center	52
2386	account	98
2387	trip	22
2388	wire	23
2389	show	93
2390	improvements	5
2391	impacted	6
2392	owe	26
2393	face	33
2394	year	175
2395	m	30
2396	mog	8
2397	phillip.k	10
2398	escrow	9
2399	forward	132
2400	scan	5
2401	contribute	9
2402	reveal	11
2403	december	72
2404	generate	18
2405	cary	19
2406	hedge	20
2407	definitely	17
2408	e	39
2409	particular	8
2410	avoid	12
2411	climb	6
2412	commitment	16
2413	square	17
2414	corporate	6
2415	housing	11
2416	ceo	12
2417	north	35
2418	standard	33
2419	millar	5
2420	occupant	6
2421	albany	5
2422	acre	13
2423	net	44
2424	contractor	28
2425	monthly	52
2426	then	168
2427	progress	21
2428	petroleum	5
2429	path	6
2430	interconnected	6
2431	nymex	15
2432	remind	6
2433	appear	27
2434	elevation	6
2435	cable	7
2436	phantom	6
2437	remember	42
2438	winter	24
2439	award	8
2440	jo	5
2441	invest	13
2442	bob	40
2443	representative	7
2444	suit	9
2445	rock	9
2446	reflect	23
2447	pennsylvania-new	6
2448	import	6
2449	location	42
2450	seguin	16
2451	loser	5
2452	prorate	6
2453	fri	6
2454	power	105
2455	multi-cinema	5
2456	nicolay	15
2457	closing	57
2458	order	83
2459	edition	16
2460	promotional	6
2461	folder	6
2462	gap	11
2463	arg	13
2464	minimum	12
2465	offering	8
2466	np15	10
2467	payment	72
2468	p.	7
2469	economy	13
2470	away	28
2471	est	7
2472	comfortable	19
2473	favor	8
2474	cheers	8
2475	asp	5
2476	fyi	17
2477	bye	6
2478	olofson	5
2479	pursue	6
2480	peterson	5
2481	party	33
2482	massachusetts	6
2483	unnecessary	6
2484	h.	9
2485	true	17
2486	career	12
2487	resource	57
2488	coursey	20
2489	adrianne	8
2490	lenart	6
2491	need	437
2492	covered	5
2493	exclusive	17
2494	glossary	8
2495	acquire	5
2496	becky	8
2497	friend	24
2498	often	10
2499	administrative	8
2500	i.e.	7
2501	workplace	5
2502	fail	15
2503	steis	6
2504	table	29
2505	this	36
2506	lean	7
2507	sep	5
2508	calpine	8
2509	tile	11
2510	shop	15
2511	swing	8
2512	nguyen	6
2513	sarr	6
2514	oct.	11
2515	fiscal	8
2516	retention	8
2517	baby	8
2518	reasonable	6
2519	tse	14
2520	currently	47
2521	apply	40
2522	rotation	14
2523	one	14
2524	recognize	16
2525	participate	22
2526	consulting	10
2527	sq	9
2528	conversion	5
2529	feature	56
2530	wachovia	5
2531	norwegian	6
2532	date	173
2533	mwh	6
2534	well	80
2535	kipp	40
2536	realistic	9
2537	summary	33
2538	buy	112
2539	norway	7
2540	agreeable	9
2541	last	185
2542	environmental	11
2543	negotiate	14
2544	trial	11
2545	a.m.	23
2546	f	11
2547	webmaster	30
2548	ocean	5
2549	proxy	6
2550	industry	41
2551	fahrenheit	6
2552	individually	8
2553	package	23
2554	enhance	9
2555	hopefully	30
2556	exterior	21
2557	disagree	6
2558	dynegy	8
2559	however	67
2560	read	107
2561	late	48
2562	reagan	50
2563	fee	69
2564	out	210
2565	respect	7
2566	little	33
2567	chase	9
2568	fuel	24
2569	preliminary	7
2570	v	7
2571	pipe	6
2572	jane	16
2573	confusion	8
2574	same	90
2575	jacques	81
2576	pantry	8
2577	n	11
2578	sufficient	10
2579	sector	13
2580	question	225
2581	burnet	20
2582	us	42
2583	accenture	14
2584	partially	5
2585	obligation	13
2586	toll-free	13
2587	basis	52
2588	residence	10
2589	uncertainty	5
2590	ft	12
2591	scout	5
2592	framework	5
2593	ensure	20
2594	quite	5
2595	hear	53
2596	anchordesk	20
2597	differently	6
2598	tight	6
2599	wholesale	9
2600	margin	8
2601	recruit	10
2602	hartsoe	12
2603	dexter@intelligencepress	6
2604	essential	8
2605	alejandra	5
2606	actual	53
2607	seasonal	22
2608	active	21
2609	payout	16
2610	sit	14
2611	restore	7
2612	spike	6
2613	permian	8
2614	officer	7
2615	puc	6
2616	category	34
2617	deposit	48
2618	chen	5
2619	paragraph	5
2620	securities	26
2621	nuclear	11
2622	picture	21
2623	permanent	43
2624	stage	29
2625	role	13
2626	thorough	7
2627	worth	9
2628	instruction	26
2629	trader	64
2630	sensitive	13
2631	useful	20
2632	list	228
2633	propose	30
2634	lynch	22
2635	sad	5
2636	ots	5
2637	studio	10
2638	call	362
2639	country	19
2640	sort	26
2641	responsibility	14
2642	up-to-date	5
2643	inbox	5
2644	carr	11
2645	make	301
2646	brian	13
2647	wed	5
2648	coast	8
2649	marketing	29
2650	times	8
2651	inc	8
2652	column	20
2653	mkt	20
2654	lien	13
2655	sat	7
2656	design	54
2657	assistant	14
2658	firm	62
2659	final	41
2660	duty	12
2661	collection	8
2662	hacker	8
2663	christensen	5
2664	sense	9
2665	spend	29
2666	flow	34
2667	stimulate	5
2668	principal	11
2669	crm	6
2670	onsite	7
2671	huynh	5
2672	responsible	16
2673	brown	21
2674	gmt	8
2675	now	170
2676	citygate	8
2677	directly	44
2678	fire	8
2679	comdex	5
2680	acrobat	12
2681	neut	6
2682	phone	77
2683	maria	5
2684	pretty	13
2685	confidentiality	8
2686	houston	83
2687	hain	10
2688	holst	36
2689	knowledge	11
2690	espey	5
2691	ash	6
2692	feel	47
2693	imagine	7
2694	pendergrass	5
2695	stock	72
2696	membership	7
2697	grid	13
2698	associate	31
2699	eb34	6
2700	griff	12
2701	piece	8
2702	hype	5
2703	mike	103
2704	calendar	25
2705	wessels	14
2706	completely	16
2707	network	42
2708	crystal	5
2709	calculate	18
2710	measure	12
2711	anderson	9
2712	real	46
2713	georgia	5
2714	potential	26
2715	finalize	12
2716	matthew	7
2717	destination	5
2718	username	12
2719	services	38
2720	13th	8
2721	pricing	12
2722	round	24
2723	platts	8
2724	rentroll	84
2725	cob	17
2726	jump	8
2727	mistake	6
2728	action	36
2729	pocket	5
2730	simply	28
2731	exit	5
2732	letter	31
2733	japan	15
2734	rezon	5
2735	customer	86
2736	canada	20
2737	wellhead	6
2738	widespread	5
2739	wireless	21
2740	very	110
2741	unsure	5
2742	lowdown	6
2743	door	17
2744	thousand	12
2745	almost	26
2746	reduce	39
2747	basically	13
2748	device	13
2749	worksheet	7
2750	proceed	23
2751	improvement	13
2752	session	8
2753	thing	61
2754	ever	18
2755	connection	30
2756	banking	5
2757	reporting	8
2758	immediately	26
2759	brady	10
2760	dj	13
2761	answer	49
2762	teleconference	5
2763	dimension	19
2764	consumer	22
2765	america	34
2766	article	19
2767	hou	21
2768	build	68
2769	international	12
2770	brenda	40
2771	purpose	20
2772	light	18
2773	earnest	10
2774	board	17
2775	space	26
2776	chart	14
2777	attorney	18
2778	impact	15
2779	westgasx	8
2780	imagination	6
2781	uk	15
2782	shipping	7
2783	deserve	20
2784	avenue	7
2785	excellent	15
2786	wednesday	51
2787	migration	10
2788	april	31
2789	throw	5
2790	enlighten	5
2791	ssn	6
2792	decrease	18
2793	elsewhere	26
2794	stand	7
2795	freidman	6
2796	toy	8
2797	drawing	19
2798	basic	17
2799	postpone	5
2800	djia	13
2801	info	52
2802	employee	41
2803	difficult	7
2804	realize	33
2805	load	24
2806	wsj	9
2807	kid	32
2808	communication	25
2809	food	11
2810	nt	27
2811	susan	22
2812	denver	20
2813	own	57
2814	darren	8
2815	beat	9
2816	bobinchuck	6
2817	domestic	7
2818	requested	44
2819	precede	7
2820	microsoft	22
2821	foot	30
2822	audio	14
2823	tech	28
2824	fantasy	10
2825	transaction	19
2826	brokerage	25
2827	attention	12
2828	congratulation	10
2829	aol	14
2830	feed	5
2831	options	8
2832	background	10
2833	corners	6
2834	jim	42
2835	bryan	6
2836	cycle	5
2837	stephens	15
2838	ca	10
2839	understand	64
2840	situation	20
2841	valuable	6
2842	get	424
2843	cincinnati-based	6
2844	mar	9
2845	equipment	16
2846	decline	31
2847	weekend	53
2848	oss	6
2849	rangel	19
2850	full	87
2851	previous	18
2852	martha	7
2853	old	21
2854	secure	10
2855	sharply	6
2856	mid-columbia	6
2857	adjust	23
2858	place	80
2859	np-15	6
2860	curve	12
2861	process	65
2862	appraiser	8
2863	easily	12
2864	home	97
2865	combination	5
2866	proprietary	10
2867	professional	23
2868	garage	15
2869	fun	23
2870	sheri	5
2871	metal	17
2872	upcome	6
2873	dramatically	7
2874	kim	15
2875	missouri-based	6
2876	bi-weekly	5
2877	small	35
2878	richard	25
2879	necessary	32
2880	angeles	7
2881	object	5
2882	url	16
2883	kinsey	5
2884	inquiries@interactive	13
2885	twist	6
2886	seller	17
2887	shorts	5
2888	sands	8
2889	church	7
2890	effective	16
2891	denis	5
2892	investigate	5
2893	speaker	5
2894	flores	28
2895	write	74
2896	amex	13
2897	valley	9
2898	trouble	15
2899	annual	9
2900	acceptance	31
2901	starter	5
2902	regional	8
2903	third	18
2904	dat	12
2905	supply	49
2906	g	23
2907	financing	50
2908	lines	7
2909	people	51
2910	gilmore	5
2911	andrea	11
2912	recognition	5
2913	emission	5
2914	mail	68
2915	count	7
2916	obvious	8
2917	machine	5
2918	hunting	5
2919	celebrate	8
2920	risk	99
2921	handout	5
2922	mery	16
2923	explorer	8
2924	underway	5
2925	occasionally	7
2926	kathy	12
2927	laura	6
2928	george	104
2929	reject	12
2930	page	54
2931	left	20
2932	victor	5
2933	benson	5
2934	formal	6
2935	request	128
2936	applicable	16
2937	clause	5
2938	age	7
2939	respectively	9
2940	merval	13
2941	kean	10
2942	upset	6
2943	truck	11
2944	choose	45
2945	dallas	5
2946	amc	5
2947	coal	10
2948	lateral	9
2949	announcement	23
2950	critical	24
2951	such	67
2952	drama	5
2953	michael	13
2954	judge	8
2955	finishing	8
2956	prime	7
2957	headcount	6
2958	look	271
2959	software	29
2960	birth	6
2961	ownership	5
2962	nikkei	13
2963	summer	16
2964	pg	18
2965	attractive	40
2966	nebraska	6
2967	written	5
2968	elderly	5
2969	expire	12
2970	markets	18
2971	deluxe	5
2972	regard	129
2973	operation	31
2974	movement	5
2975	whary	6
2976	black	15
2977	usually	6
2978	cathy	6
2979	breakout	5
2980	broadband	6
2981	gay	26
2982	before	18
2983	qtr	5
2984	standardize	6
2985	competitive	8
2986	factor	11
2987	til	5
2988	journal	16
2989	physical	27
2990	cibc	12
2991	creative	9
2992	slump	8
2993	burn	7
2994	serve	13
2995	origination	13
2996	assure	13
2997	product	95
2998	sheet	15
2999	successfully	6
3000	refinance	6
3001	drop	76
3002	break	24
3003	crucial	21
3004	water	5
3005	eric	9
3006	paine	18
3007	message	166
3008	sale	81
3009	grey	6
3010	also	243
3011	touch	22
3012	ground	5
3013	side	47
3014	krone	6
3015	jan.	15
3016	overrun	7
3017	problem	72
3018	explain	17
3019	suppose	22
3020	off	45
3021	appeal	7
3022	jan	16
3023	peak	12
3024	thermal	6
3025	support	71
3026	kirk	21
3027	chavez	6
3028	excel	17
3029	jeanne	5
3030	share	46
3031	highly	16
3032	key	34
3033	comp	12
3034	yes	13
3035	p.m	13
3036	p.m.	25
3037	cinergy	6
3038	idea	55
3039	group	96
3040	jack	7
3041	where	7
3042	normal	28
3043	watch	25
3044	copyright	59
3045	distributor	6
3046	additional	83
3047	advertise	11
3048	prohibit	12
3049	shoot	6
3050	ipaq	7
3051	exposure	7
3052	yourself	13
3053	papers	6
3054	mac	19
3055	tva	7
3056	exact	9
3057	cline	5
3058	datum	62
3059	backout	6
3060	arrive	18
3061	release	47
3062	adobe	12
3063	uncheck	13
3064	site	194
3065	crude	17
3066	assign	8
3067	garza	5
3068	certificate	9
3069	daniel	6
3070	mills	6
3071	midwest	5
3072	engineer	28
3073	pw	10
3074	ed	11
3075	bonus	6
3076	speed	6
3077	sound	51
3078	minick	6
3079	ngus	10
3080	benefit	25
3081	amortization	10
3082	forms	28
3083	conveyance	5
3084	pallen70@hotmail	28
3085	ip	5
3086	contention	8
3087	appointment	5
3088	convenient	14
3089	joke	11
3090	consensus	9
3091	eligible	7
3092	flying	5
3093	system	90
3094	indices	6
3095	back	150
3096	compete	7
3097	derivative	6
3098	friday	144
3099	receiver	5
3100	simulation	7
3101	o	10
3102	ohio	6
3103	cover	39
3104	injection	10
3105	introduce	10
3106	johnson	8
3107	rules	5
3108	winner	5
3109	keyboard	7
3110	scott	28
3111	e-mail	132
3112	cast	10
3113	commit	17
3114	inquiry	9
3115	soil	15
3116	gain	21
3117	premium	9
3118	far	51
3119	quality	9
3120	w	23
3121	nation	8
3122	whole	13
3123	derek	5
3124	meet	100
3125	merlin	16
3126	jones	27
3127	gerard	10
3128	protect	18
3129	blame	5
3130	correctly	8
3131	lucy	152
3132	bill	59
3133	heavy	8
3134	many	57
3135	exciting	6
3136	strong	45
3137	bruce	18
3138	fha	22
3139	rajesh	5
3140	york	24
3141	barney	33
3142	west	144
3143	culprit	8
3144	thanksgiving	10
3145	combine	13
3146	sony	5
3147	dad	18
3148	claudia	16
3149	listen	14
3150	leave	90
3151	expiration	12
3152	johnnie	13
3153	wish	64
3154	md	5
3155	menu	11
3156	brand	5
3157	admin	33
3158	hand	21
3159	schedule	98
3160	oversee	8
3161	reward	12
3162	baseload	6
3163	ecar	6
3164	elect	9
3165	become	33
3166	reset	5
3167	rights	107
3168	doctor	14
3169	traditional	5
3170	king	7
3171	amortize	5
3172	stromquist	5
3173	composite	7
3174	permission	14
3175	on	39
3176	et	23
3177	exist	31
3178	topic	24
3179	union	19
3180	electronics	7
3181	cantrell	19
3182	mid-continent	7
3183	turbine	6
3184	fletcher	5
3185	w.	5
3186	use	326
3187	rauscher	14
3188	entitle	6
3189	competition	16
3190	college	10
3191	lake	5
3192	guess	28
3193	operationally	5
3194	kyle	5
3195	direction	10
3196	giron	9
3197	excuse	7
3198	expansion	9
3199	var	17
3200	honest	6
3201	shopper	11
3202	prepare	50
3203	panic	6
3204	injury	6
3205	suffer	7
3206	alliance	8
3207	lutz	6
3208	g.	11
3209	el	18
3210	franklin	5
3211	put	109
3212	gear	7
3213	portion	6
3214	parker	5
3215	damage	6
3216	material	18
3217	by	5
3218	like	184
3219	cite	5
3220	sports	11
3221	continuous	5
3222	kam	6
3223	growth	20
3224	continue	63
3225	telecom	11
3226	convenience	9
3227	intelligence	17
3228	take	192
3229	enclose	5
3230	publish	16
3231	way	117
3232	beth	10
3233	liberty	5
3234	weisel	7
3235	nature	19
3236	crown	5
3237	extension	27
3238	construct	9
3239	statement	73
3240	chris	17
3241	repeatedly	5
3242	format	52
3243	neutral	16
3244	activity	16
3245	always	33
3246	hold	100
3247	comment	70
